id,name,nameAr,category
1,Panadol Extra,بنادول إكسترا,مسكنات وخافضات حرارة
2,Panadol Advance,بنادول أدفانس,مسكنات وخافضات حرارة
3,Adol 500,أدول 500,مسكنات وخافضات حرارة
4,Fevadol 500,فيفادول 500,مسكنات وخافضات حرارة
5,Cataflam 50,كتافلام 50,مسكنات وخافضات حرارة
6,Brufen 400,بروفين 400,مسكنات وخافضات حرارة
7,Ponstan 500,بونستان 500,مسكنات وخافضات حرارة
8,Nurofen 200,نوروفين 200,مسكنات وخافضات حرارة
9,Abimol 500,أبيمول 500,مسكنات وخافضات حرارة
10,Paramol Syrup,بارامول شراب,مسكنات وخافضات حرارة
11,Comtrex,كومتركس,برد وكحة وأنفلونزا
12,Antiflu Capsules,أنتي فلو كبسول,برد وكحة وأنفلونزا
13,Flumucil 600,فلوميوسيل 600,برد وكحة وأنفلونزا
14,Mucosolvan Syrup,موكوسولفان شراب,برد وكحة وأنفلونزا
15,Otrivin Nasal Spray,أوتريفين بخاخ أنف,برد وكحة وأنفلونزا
16,Strepsils Lozenges,ستربسلز أقراص مص,برد وكحة وأنفلونزا
17,Prospan Syrup,بروسبان شراب,برد وكحة وأنفلونزا
18,Vicks VapoRub,فيكس فابوراب,برد وكحة وأنفلونزا
19,Decolgen,ديكولجين,برد وكحة وأنفلونزا
20,Sinecod Syrup,سينكود شراب,برد وكحة وأنفلونزا
21,Augmentin 1g,أوجمنتين 1 جم,مضادات حيوية
22,Amoxil 500,أموكسيل 500,مضادات حيوية
23,Zithromax 500,زيثروماكس 500,مضادات حيوية
24,Ciprofar 500,سيبروفار 500,مضادات حيوية
25,Flagyl 500,فلاجيل 500,مضادات حيوية
26,Klacid 500,كلاسيد 500,مضادات حيوية
27,Suprax 400,سوبراكس 400,مضادات حيوية
28,Zinnat 500,زينات 500,مضادات حيوية
29,Tavanic 500,تافانيك 500,مضادات حيوية
30,Doxycycline 100,دوكسيسيكلين 100,مضادات حيوية
31,Antinal,أنتينال,الجهاز الهضمي
32,Buscopan,بوسكوبان,الجهاز الهضمي
33,Gaviscon Liquid,جافيسكون سائل,الجهاز الهضمي
34,Nexium 40,نيكسيوم 40,الجهاز الهضمي
35,Controloc 40,كونترولوك 40,الجهاز الهضمي
36,Motilium,موتيليوم,الجهاز الهضمي
37,Duphalac Syrup,دوفالاك شراب,الجهاز الهضمي
38,Smecta,سمكتا,الجهاز الهضمي
39,Enterogermina,إنتيروجرمينا,الجهاز الهضمي
40,Maalox Suspension,مالوكس معلق,الجهاز الهضمي
41,Claritin 10mg,كلاريتين 10 مجم,الحساسية
42,Zyrtec 10mg,زيرتك 10 مجم,الحساسية
43,Telfast 120,تلفاست 120,الحساسية
44,Aerius 5mg,إيريوس 5 مجم,الحساسية
45,Xyzal 5mg,زيزال 5 مجم,الحساسية
46,Flixonase Nasal Spray,فليكسوناز بخاخ أنف,الحساسية
47,Nasonex Nasal Spray,ناسونكس بخاخ أنف,الحساسية
48,Zaditen,زاديتين,الحساسية
49,Glucophage 500,جلوكوفاج 500,السكر
50,Diamicron MR 60,ديامكرون إم آر 60,السكر
51,Amaryl 2mg,أماريل 2 مجم,السكر
52,Januvia 100,جانوفيا 100,السكر
53,Galvus 50,جالفوس 50,السكر
54,Forxiga 10,فورسيجا 10,السكر
55,Jardiance 25,جارديانس 25,السكر
56,Lantus SoloStar,لانتوس سولوستار,السكر
57,Novorapid FlexPen,نوفورابيد فليكس بن,السكر
58,Concor 5,كونكور 5,القلب والضغط
59,Norvasc 5,نورفاسك 5,القلب والضغط
60,Lipitor 20,ليبيتور 20,القلب والضغط
61,Crestor 10,كريستور 10,القلب والضغط
62,Aspirin Protect 100,أسبرين بروتكت 100,القلب والضغط
63,Plavix 75,بلافيكس 75,القلب والضغط
64,Co-Diovan 80/12.5,كو ديوفان 80/12.5,القلب والضغط
65,Lasix 40,لازكس 40,القلب والضغط
66,Xarelto 20,زاريلتو 20,القلب والضغط
67,Tritace 5,تريتاس 5,القلب والضغط
68,Centrum Adults,سنتروم للبالغين,فيتامينات ومكملات
69,Redoxon Vitamin C,ريدوكسون فيتامين سي,فيتامينات ومكملات
70,Neurobion,نيوروبيون,فيتامينات ومكملات
71,Feroglobin Capsules,فيروجلوبين كبسول,فيتامينات ومكملات
72,Vidrop D3 Drops,فيدروب د3 نقط,فيتامينات ومكملات
73,Omega-3 Fish Oil 1000,أوميجا 3 زيت سمك 1000,فيتامينات ومكملات
74,Caltrate Plus,كالتريت بلس,فيتامينات ومكملات
75,Zinc 50mg,زنك 50 مجم,فيتامينات ومكملات
76,Magnesium B6,ماغنسيوم ب6,فيتامينات ومكملات
77,Biotin 10000mcg,بيوتين 10000,فيتامينات ومكملات
78,Pharmaton,فارماتون,فيتامينات ومكملات
79,Bepanthen Ointment,بيبانثين مرهم,العناية بالبشرة والجلدية
80,Fucicort Cream,فيوسيكورت كريم,العناية بالبشرة والجلدية
81,Canesten Cream,كانيستين كريم,العناية بالبشرة والجلدية
82,Lamisil Cream,لاميزيل كريم,العناية بالبشرة والجلدية
83,Cetaphil Moisturizing Lotion,سيتافيل مرطب لوشن,العناية بالبشرة والجلدية
84,Eucerin Urea Repair Cream,يوسيرين يوريا كريم,العناية بالبشرة والجلدية
85,Differin Gel,ديفرين جيل,العناية بالبشرة والجلدية
86,Benzac AC 5%,بنزاك إيه سي 5%,العناية بالبشرة والجلدية
87,Elocon Cream,إيلوكون كريم,العناية بالبشرة والجلدية
88,Systane Ultra Eye Drops,سيستان ألترا قطرة عين,عيون وأذن وأنف
89,Optive Eye Drops,أوبتيف قطرة عين,عيون وأذن وأنف
90,Hylo-Comod Eye Drops,هيلو كومود قطرة عين,عيون وأذن وأنف
91,Visine Eye Drops,فيزين قطرة عين,عيون وأذن وأنف
92,Tobradex Eye Drops,توبرادكس قطرة عين,عيون وأذن وأنف
93,Ciloxan Eye Drops,سيلوكسان قطرة عين,عيون وأذن وأنف
94,Otipax Ear Drops,أوتيباكس قطرة أذن,عيون وأذن وأنف
95,Sterimar Nasal Spray,ستيريمار بخاخ أنف,عيون وأذن وأنف
96,Aptamil 1 Infant Milk,أبتاميل 1 لبن أطفال,الأم والطفل
97,Nan Optipro 1,نان أوبتيبرو 1,الأم والطفل
98,Pampers Baby-Dry Size 4,بامبرز بيبي دراي مقاس 4,الأم والطفل
99,Huggies Extra Care Size 3,هاجيز إكسترا كير مقاس 3,الأم والطفل
100,Pampers Sensitive Wipes,بامبرز مناديل حساسة,الأم والطفل
101,Johnson's Baby Shampoo,جونسون شامبو أطفال,الأم والطفل
102,Sudocrem,سودوكريم,الأم والطفل
103,Infacol Drops,إنفاكول نقط,الأم والطفل
104,Mustela Hydra Bebe Lotion,موستيلا هيدرا بيبي لوشن,الأم والطفل
105,Nursing Pads,وسادات رضاعة,الأم والطفل
106,Sensodyne Repair & Protect,سنسوداين ريبير آند بروتكت,العناية الشخصية
107,Signal Complete 8,سيجنال كومبليت 8,العناية الشخصية
108,Listerine Cool Mint,ليسترين كول مينت,العناية الشخصية
109,Colgate Total,كولجيت توتال,العناية الشخصية
110,Head & Shoulders Classic,هيد آند شولدرز كلاسيك,العناية الشخصية
111,Dove Original Deodorant,دوف مزيل عرق أوريجينال,العناية الشخصية
112,Always Ultra Normal,أولويز ألترا عادي,العناية الشخصية
113,Gillette Fusion Razor,جيليت فيوجن ماكينة حلاقة,العناية الشخصية
114,Oral-B Floss,أورال بي خيط أسنان,العناية الشخصية
115,Vaseline Lip Therapy,فازلين مرطب شفاه,العناية الشخصية
116,Betadine Solution,بيتادين محلول,إسعافات أولية
117,Dettol Antiseptic,ديتول مطهر,إسعافات أولية
118,Hydrogen Peroxide 3%,ماء أكسجين 3%,إسعافات أولية
119,Band-Aid Plasters,بلاستر باند إيد,إسعافات أولية
120,Sterile Gauze Pads,شاش معقم,إسعافات أولية
121,Medical Cotton 100g,قطن طبي 100 جم,إسعافات أولية
122,Elastic Bandage 10cm,رباط ضاغط 10 سم,إسعافات أولية
123,Micropore Tape,شريط لاصق ميكروبور,إسعافات أولية
124,Flammazine Cream,فلامازين كريم,إسعافات أولية
125,Antiseptic Alcohol 70%,كحول طبي 70%,إسعافات أولية
126,Omron M2 Blood Pressure Monitor,أومرون M2 جهاز ضغط,أجهزة طبية
127,Accu-Chek Active Glucometer,أكيو تشيك أكتيف جهاز سكر,أجهزة طبية
128,Accu-Chek Active Strips x50,أكيو تشيك أكتيف شرائط 50,أجهزة طبية
129,Omron Digital Thermometer,أومرون ترمومتر ديجيتال,أجهزة طبية
130,Fingertip Pulse Oximeter,جهاز قياس الأكسجين بالإصبع,أجهزة طبية
131,Omron C101 Nebulizer,أومرون C101 جهاز بخار,أجهزة طبية
132,Oral-B Pro 1000,أورال بي برو 1000,أجهزة طبية
133,Knee Support Brace,دعامة ركبة,أجهزة طبية
134,Digital Bathroom Scale,ميزان حمام ديجيتال,أجهزة طبية
135,Heating Pad,وسادة تدفئة كهربائية,أجهزة طبية
136,Nivea Soft Cream,نيفيا سوفت كريم,مستحضرات تجميل
137,Vaseline Petroleum Jelly,فازلين جيلي,مستحضرات تجميل
138,La Roche-Posay Anthelios SPF50,لا روش بوزيه أنثيليوس SPF50,مستحضرات تجميل
139,Bioderma Sensibio H2O,بيوديرما سنسيبيو H2O,مستحضرات تجميل
140,Vichy Mineral 89,فيشي مينرال 89,مستحضرات تجميل
141,Garnier Micellar Water,جارنييه ميسيلار ووتر,مستحضرات تجميل
142,L'Oreal Revitalift Night Cream,لوريال ريفيتاليفت كريم ليلي,مستحضرات تجميل
143,Neutrogena Hydro Boost Gel,نيوتروجينا هيدرو بوست جيل,مستحضرات تجميل
144,The Ordinary Niacinamide 10% + Zinc 1%,ذا أوردينري نياسيناميد 10% + زنك 1%,مستحضرات تجميل
145,Eucerin Sun SPF50+,يوسيرين صن SPF50+,مستحضرات تجميل
146,Voltaren Emulgel,فولتارين إمولجيل,العضلات والمفاصل
147,Fastum Gel,فاستم جيل,العضلات والمفاصل
148,Deep Heat Spray,ديب هيت سبراي,العضلات والمفاصل
149,Tiger Balm,تايجر بالم,العضلات والمفاصل
150,Decontractyl,ديكونتراكتيل,العضلات والمفاصل
151,Voltfast 50,فولتفاست 50,العضلات والمفاصل
152,Arcoxia 90,أركوكسيا 90,العضلات والمفاصل
153,Rheumon Gel,روميون جيل,العضلات والمفاصل
154,Glucosamine 1500 Sulfate,جلوكوزامين 1500,العضلات والمفاصل
